id,x,y
0,0,0
1,6,0
2,6,2
3,0,2
4,1,0
5,1,2
6,2,0
7,2,2
8,3,0
9,3,2
10,4,0
11,4,2
12,5,0
13,5,2
14,0,0.2
15,6,0.2
16,0.00750755,1.12717
17,1.15983,1.61748
18,3.51006,0.959746
19,2.10175,1.79192
20,4.93704,1.49321
21,1.04465,1.71789
22,4.26301,1.02707
23,1.82397,0.0299692
24,0.548418,0.728904
25,0.883877,0.331797
