id,x,y
0,0,0
1,1,0
2,2,0
3,3,0
4,4,0
5,5,0
6,6,0
7,6,1
8,6,2
9,5,2
10,4,2
11,3,2
12,2,2
13,1,2
14,0,2
15,0,1
16,3.66667,1
17,3.57735,1.33333
18,3.33333,1.57735
19,3,1.66667
20,2.66667,1.57735
21,2.42265,1.33333
22,2.33333,1
23,2.42265,0.666667
24,2.66667,0.42265
25,3,0.333333
26,3.33333,0.42265
27,3.57735,0.666667
28,0.00750755,1.12717
29,1.15983,1.61748
30,2.10175,1.79192
31,4.93704,1.49321
32,1.04465,1.71789
33,4.26301,1.02707
34,1.82397,0.0299692
35,0.548418,0.728904
36,0.883877,0.331797
