cx,cy,radius
3,1,3.16228
3,1,3.16228
